Workbook

Sheet Sheet1
A1: Don - MassMutual - CONVERSION Option | I1: MassMutual - New Policy Option | Q1: Lafayette Life Sample
A2: Yr | B2: Age | C2: Annual Premium | D2: Cum Outlay | E2: Non Guaranteed Cash Value | F2: Death Benefit | G2: Net Outlay vs Cash Value | I2: Yr | J2: Age | K2: Annual Premium | L2: Cum Outlay | M2: Non Guaranteed Cash Value | N2: Death Benefit | O2: Net Outlay vs Cash Value | Q2: Yr | R2: Age | S2: Annual Premium | T2: Cum Outlay | U2: Non Guaranteed Cash Value | V2: Death Benefit | W2: Net Outlay vs Cash Value
A3: 1 | B3: 39 | C3: =Sheet2!E1 -> 110000 | D3: =C3 -> 110000 | E3: =Sheet2!H1 -> 81247 | F3: =Sheet2!I1 -> 3000000 | G3: =E3/D3 -> 0.73860909 | I3: 1 | J3: =B3 -> 39 | K3: =Sheet2!O1 -> 125000 | L3: =K3 -> 125000 | M3: =Sheet2!R1 -> 105843 | N3: =Sheet3!F2 -> 3828852 | O3: =M3/L3 -> 0.846744 | Q3: 1 | R3: =J3 -> 39 | S3: =Sheet3!B2 -> 250000 | T3: =S3 -> 250000 | U3: =Sheet3!E2 -> 233009 | V3: =Sheet3!F2 -> 3828852 | W3: =U3/T3 -> 0.932036
A4: 2 | B4: =B3+1 -> 40 | C4: =Sheet2!E2 -> 110000 | D4: =D3+C4 -> 220000 | E4: =Sheet2!H2 -> 170599 | F4: =Sheet2!I2 -> 3000000 | G4: =E4/D4 -> 0.77545 | I4: =I3+1 -> 2 | J4: =J3+1 -> 40 | K4: =Sheet2!O2 -> 22086 | L4: =L3+K4 -> 147086 | M4: =Sheet2!R2 -> 121273 | N4: =Sheet3!F3 -> 3855691 | O4: =M4/L4 -> 0.82450403 | Q4: =Q3+1 -> 2 | R4: =R3+1 -> 40 | S4: =Sheet3!B3 -> 18303 | T4: =T3+S4 -> 268303 | U4: =Sheet3!E3 -> 255004 | V4: =Sheet3!F3 -> 3855691 | W4: =U4/T4 -> 0.95043291
A5: 3 | B5: =B4+1 -> 41 | C5: =Sheet2!E3 -> 30000 | D5: =D4+C5 -> 250000 | E5: =Sheet2!H3 -> 200474 | F5: =Sheet2!I3 -> 3000000 | G5: =E5/D5 -> 0.801896 | I5: =I4+1 -> 3 | J5: =J4+1 -> 41 | K5: =Sheet2!O3 -> 22086 | L5: =L4+K5 -> 169172 | M5: =Sheet2!R3 -> 143085 | N5: =Sheet3!F4 -> 3884615 | O5: =M5/L5 -> 0.84579599 | Q5: =Q4+1 -> 3 | R5: =R4+1 -> 41 | S5: =Sheet3!B4 -> 18303 | T5: =T4+S5 -> 286606 | U5: =Sheet3!E4 -> 278537 | V5: =Sheet3!F4 -> 3884615 | W5: =U5/T5 -> 0.97184637
A6: 4 | B6: =B5+1 -> 42 | C6: =Sheet2!E4 -> 24691 | D6: =D5+C6 -> 274691 | E6: =Sheet2!H4 -> 231147 | F6: =Sheet2!I4 -> 3000000 | G6: =E6/D6 -> 0.84148006 | I6: =I5+1 -> 4 | J6: =J5+1 -> 42 | K6: =Sheet2!O4 -> 22086 | L6: =L5+K6 -> 191258 | M6: =Sheet2!R4 -> 168041 | N6: =Sheet3!F5 -> 3915708 | O6: =M6/L6 -> 0.878609 | Q6: =Q5+1 -> 4 | R6: =R5+1 -> 42 | S6: =Sheet3!B5 -> 18303 | T6: =T5+S6 -> 304909 | U6: =Sheet3!E5 -> 303734 | V6: =Sheet3!F5 -> 3915708 | W6: =U6/T6 -> 0.99614639
A7: 5 | B7: =B6+1 -> 43 | C7: =Sheet2!E5 -> 24691 | D7: =D6+C7 -> 299382 | E7: =Sheet2!H5 -> 263339 | F7: =Sheet2!I5 -> 3000000 | G7: =E7/D7 -> 0.87960866 | I7: =I6+1 -> 5 | J7: =J6+1 -> 43 | K7: =Sheet2!O5 -> 22086 | L7: =L6+K7 -> 213344 | M7: =Sheet2!R5 -> 194164 | N7: =Sheet3!F6 -> 3949383 | O7: =M7/L7 -> 0.91009825 | Q7: =Q6+1 -> 5 | R7: =R6+1 -> 43 | S7: =Sheet3!B6 -> 18303 | T7: =T6+S7 -> 323212 | U7: =Sheet3!E6 -> 330981 | V7: =Sheet3!F6 -> 3949383 | W7: =U7/T7 -> 1.0240369
A8: 6 | B8: =B7+1 -> 44 | C8: =Sheet2!E6 -> 24691 | D8: =D7+C8 -> 324073 | E8: =Sheet2!H6 -> 297106 | F8: =Sheet2!I6 -> 3000000 | G8: =E8/D8 -> 0.91678727 | I8: =I7+1 -> 6 | J8: =J7+1 -> 44 | K8: =Sheet2!O6 -> 22086 | L8: =L7+K8 -> 235430 | M8: =Sheet2!R6 -> 221355 | N8: =Sheet3!F7 -> 3986101 | O8: =M8/L8 -> 0.94021578 | Q8: =Q7+1 -> 6 | R8: =R7+1 -> 44 | S8: =Sheet3!B7 -> 18303 | T8: =T7+S8 -> 341515 | U8: =Sheet3!E7 -> 360454 | V8: =Sheet3!F7 -> 3986101 | W8: =U8/T8 -> 1.0554558
A9: 7 | B9: =B8+1 -> 45 | C9: =Sheet2!E7 -> 24691 | D9: =D8+C9 -> 348764 | E9: =Sheet2!H7 -> 332860 | F9: =Sheet2!I7 -> 3000000 | G9: =E9/D9 -> 0.95439896 | I9: =I8+1 -> 7 | J9: =J8+1 -> 45 | K9: =Sheet2!O7 -> 22086 | L9: =L8+K9 -> 257516 | M9: =Sheet2!R7 -> 249825 | N9: =Sheet3!F8 -> 4025941 | O9: =M9/L9 -> 0.97013389 | Q9: =Q8+1 -> 7 | R9: =R8+1 -> 45 | S9: =Sheet3!B8 -> 18303 | T9: =T8+S9 -> 359818 | U9: =Sheet3!E8 -> 392250 | V9: =Sheet3!F8 -> 4025941 | W9: =U9/T9 -> 1.0901345
A10: 8 | B10: =B9+1 -> 46 | C10: =Sheet2!E8 -> 24691 | D10: =D9+C10 -> 373455 | E10: =Sheet2!H8 -> 370863 | F10: =Sheet2!I8 -> 3000000 | G10: =E10/D10 -> 0.9930594 | I10: =I9+1 -> 8 | J10: =J9+1 -> 46 | K10: =Sheet2!O8 -> 22086 | L10: =L9+K10 -> 279602 | M10: =Sheet2!R8 -> 279740 | N10: =Sheet3!F9 -> 4068061 | O10: =M10/L10 -> 1.0004936 | Q10: =Q9+1 -> 8 | R10: =R9+1 -> 46 | S10: =Sheet3!B9 -> 18303 | T10: =T9+S10 -> 378121 | U10: =Sheet3!E9 -> 425671 | V10: =Sheet3!F9 -> 4068061 | W10: =U10/T10 -> 1.1257534
A11: 9 | B11: =B10+1 -> 47 | C11: =Sheet2!E9 -> 24691 | D11: =D10+C11 -> 398146 | E11: =Sheet2!H9 -> 411075 | F11: =Sheet2!I9 -> 3000000 | G11: =E11/D11 -> 1.032473 | I11: =I10+1 -> 9 | J11: =J10+1 -> 47 | K11: =Sheet2!O9 -> 22086 | L11: =L10+K11 -> 301688 | M11: =Sheet2!R9 -> 311042 | N11: =Sheet3!F10 -> 4111621 | O11: =M11/L11 -> 1.0310055 | Q11: =Q10+1 -> 9 | R11: =R10+1 -> 47 | S11: =Sheet3!B10 -> 18303 | T11: =T10+S11 -> 396424 | U11: =Sheet3!E10 -> 460779 | V11: =Sheet3!F10 -> 4111621 | W11: =U11/T11 -> 1.1623388
A12: 10 | B12: =B11+1 -> 48 | C12: =Sheet2!E10 -> 24691 | D12: =D11+C12 -> 422837 | E12: =Sheet2!H10 -> 453730 | F12: =Sheet2!I10 -> 3000000 | G12: =E12/D12 -> 1.0730613 | I12: =I11+1 -> 10 | J12: =J11+1 -> 48 | K12: =Sheet2!O10 -> 22086 | L12: =L11+K12 -> 323774 | M12: =Sheet2!R10 -> 343881 | N12: =Sheet3!F11 -> 4156659 | O12: =M12/L12 -> 1.062102 | Q12: =Q11+1 -> 10 | R12: =R11+1 -> 48 | S12: =Sheet3!B11 -> 18303 | T12: =T11+S12 -> 414727 | U12: =Sheet3!E11 -> 497670 | V12: =Sheet3!F11 -> 4156659 | W12: =U12/T12 -> 1.1999942
A13: 11 | B13: =B12+1 -> 49 | C13: =Sheet2!E11 -> 24691 | D13: =D12+C13 -> 447528 | E13: =Sheet2!H11 -> 499554 | F13: =Sheet2!I11 -> 3000000 | G13: =E13/D13 -> 1.1162519 | I13: =I12+1 -> 11 | J13: =J12+1 -> 49 | K13: =Sheet2!O11 -> 22086 | L13: =L12+K13 -> 345860 | M13: =Sheet2!R11 -> 378851 | N13: =Sheet3!F12 -> 1228234 | O13: =M13/L13 -> 1.0953883 | Q13: =Q12+1 -> 11 | R13: =R12+1 -> 49 | S13: =Sheet3!B12 -> 15120 | T13: =T12+S13 -> 429847 | U13: =Sheet3!E12 -> 536696 | V13: =Sheet3!F12 -> 1228234 | W13: =U13/T13 -> 1.2485745
A14: 12 | B14: =B13+1 -> 50 | C14: =Sheet2!E12 -> 24691 | D14: =D13+C14 -> 472219 | E14: =Sheet2!H12 -> 548752 | F14: =Sheet2!I12 -> 3000000 | G14: =E14/D14 -> 1.162071 | I14: =I13+1 -> 12 | J14: =J13+1 -> 50 | K14: =Sheet2!O12 -> 22086 | L14: =L13+K14 -> 367946 | M14: =Sheet2!R12 -> 416137 | N14: =Sheet3!F13 -> 1276424 | O14: =M14/L14 -> 1.130973 | Q14: =Q13+1 -> 12 | R14: =R13+1 -> 50 | S14: =Sheet3!B13 -> 15120 | T14: =T13+S14 -> 444967 | U14: =Sheet3!E13 -> 577707 | V14: =Sheet3!F13 -> 1276424 | W14: =U14/T14 -> 1.2983143
A15: 13 | B15: =B14+1 -> 51 | C15: =Sheet2!E13 -> 24691 | D15: =D14+C15 -> 496910 | E15: =Sheet2!H13 -> 601357 | F15: =Sheet2!I13 -> 3000000 | G15: =E15/D15 -> 1.210193 | I15: =I14+1 -> 13 | J15: =J14+1 -> 51 | K15: =Sheet2!O13 -> 22086 | L15: =L14+K15 -> 390032 | M15: =Sheet2!R13 -> 455434 | N15: =Sheet3!F14 -> 1326284 | O15: =M15/L15 -> 1.1676837 | Q15: =Q14+1 -> 13 | R15: =R14+1 -> 51 | S15: =Sheet3!B14 -> 15120 | T15: =T14+S15 -> 460087 | U15: =Sheet3!E14 -> 620772 | V15: =Sheet3!F14 -> 1326284 | W15: =U15/T15 -> 1.3492492
... A45: 43 | B45: =B44+1 -> 81 | C45: =Sheet2!E43 -> 0 | D45: =D44+C45 -> 809645 | E45: =Sheet2!H43 -> 3601945 | F45: =Sheet2!I43 -> 4761643 | G45: =E45/D45 -> 4.4487955 | I45: =I44+1 -> 43 | J45: =J44+1 -> 81 | K45: =Sheet2!O43 -> 0 | L45: =L44+K45 -> 677150 | M45: =Sheet2!R43 -> 2602378 | N45: =Sheet3!F44 -> 3569366 | O45: =M45/L45 -> 3.8431337 | Q45: =Q44+1 -> 43 | R45: =R44+1 -> 81 | S45: =Sheet3!B44 -> 0 | T45: =T44+S45 -> 671767 | U45: =Sheet3!E44 -> 3063152 | V45: =Sheet3!F44 -> 3569366 | W45: =U45/T45 -> 4.5598429
A46: 44 | B46: =B45+1 -> 82 | C46: =[1]Sheet2!AT44 -> 0 | D46: =D45+C46 -> 809645 | E46: =Sheet2!H44 -> 3762938 | F46: =Sheet2!I44 -> 4882304 | G46: =E46/D46 -> 4.6476394 | I46: =I45+1 -> 44 | J46: =J45+1 -> 82 | K46: ='[2]Illustrations 2'!AF44 -> 0 | L46: =L45+K46 -> 677150 | M46: =Sheet2!R44 -> 2718692 | N46: =Sheet3!F45 -> 3686679 | O46: =M46/L46 -> 4.0149036 | Q46: =Q45+1 -> 44 | R46: =R45+1 -> 82 | S46: =Sheet3!B45 -> 0 | T46: =T45+S46 -> 671767 | U46: =Sheet3!E45 -> 3197722 | V46: =Sheet3!F45 -> 3686679 | W46: =U46/T46 -> 4.7601654
A47: 45 | B47: =B46+1 -> 83 | C47: =[1]Sheet2!AT45 -> 0 | D47: =D46+C47 -> 809645 | E47: =Sheet2!H45 -> 3929226 | F47: =Sheet2!I45 -> 5006532 | G47: =E47/D47 -> 4.8530232 | I47: =I46+1 -> 45 | J47: =J46+1 -> 83 | K47: ='[2]Illustrations 2'!AF45 -> 0 | L47: =L46+K47 -> 677150 | M47: =Sheet2!R45 -> 2838830 | N47: =Sheet3!F46 -> 3808371 | O47: =M47/L47 -> 4.1923208 | Q47: =Q46+1 -> 45 | R47: =R46+1 -> 83 | S47: =Sheet3!B46 -> 0 | T47: =T46+S47 -> 671767 | U47: =Sheet3!E46 -> 3337177 | V47: =Sheet3!F46 -> 3808371 | W47: =U47/T47 -> 4.9677597
A48: 46 | B48: =B47+1 -> 84 | C48: =[1]Sheet2!AT46 -> 0 | D48: =D47+C48 -> 809645 | E48: =Sheet2!H46 -> 4100746 | F48: =[1]Sheet2!AX46 -> 932582 | G48: =E48/D48 -> 5.0648692 | I48: =I47+1 -> 46 | J48: =J47+1 -> 84 | K48: ='[2]Illustrations 2'!AF46 -> 0 | L48: =L47+K48 -> 677150 | M48: =Sheet2!R46 -> 2962749 | N48: =Sheet3!F47 -> 3934652 | O48: =M48/L48 -> 4.3753216 | Q48: =Q47+1 -> 46 | R48: =R47+1 -> 84 | S48: =Sheet3!B47 -> 0 | T48: =T47+S48 -> 671767 | U48: =Sheet3!E47 -> 3481533 | V48: =Sheet3!F47 -> 3934652 | W48: =U48/T48 -> 5.1826496
A49: 47 | B49: =B48+1 -> 85 | C49: =[1]Sheet2!AT47 -> 0 | D49: =D48+C49 -> 809645 | E49: =Sheet2!H47 -> 4277104 | F49: =[1]Sheet2!AX47 -> 972496 | G49: =E49/D49 -> 5.2826906 | I49: =I48+1 -> 47 | J49: =J48+1 -> 85 | K49: ='[2]Illustrations 2'!AF47 -> 0 | L49: =L48+K49 -> 677150 | M49: =Sheet2!R47 -> 3090163 | N49: =Sheet3!F48 -> 4065759 | O49: =M49/L49 -> 4.5634837 | Q49: =Q48+1 -> 47 | R49: =R48+1 -> 85 | S49: =Sheet3!B48 -> 0 | T49: =T48+S49 -> 671767 | U49: =Sheet3!E48 -> 3630794 | V49: =Sheet3!F48 -> 4065759 | W49: =U49/T49 -> 5.4048413
A50: 48 | B50: =B49+1 -> 86 | C50: =[1]Sheet2!AT48 -> 0 | D50: =D49+C50 -> 809645 | E50: =Sheet2!H48 -> 4457889 | F50: =[1]Sheet2!AX48 -> 1014135 | G50: =E50/D50 -> 5.5059798 | I50: =I49+1 -> 48 | J50: =J49+1 -> 86 | K50: ='[2]Illustrations 2'!AF48 -> 0 | L50: =L49+K50 -> 677150 | M50: =Sheet2!R48 -> 3220776 | N50: =Sheet3!F49 -> 4201908 | O50: =M50/L50 -> 4.7563701 | Q50: =Q49+1 -> 48 | R50: =R49+1 -> 86 | S50: =Sheet3!B49 -> 0 | T50: =T49+S50 -> 671767 | U50: =Sheet3!E49 -> 3784917 | V50: =Sheet3!F49 -> 4201908 | W50: =U50/T50 -> 5.6342705
A51: 49 | B51: =B50+1 -> 87 | C51: =[1]Sheet2!AT49 -> 0 | D51: =D50+C51 -> 809645 | E51: =Sheet2!H49 -> 4642507 | F51: =[1]Sheet2!AX49 -> 1057531 | G51: =E51/D51 -> 5.7340032 | I51: =I50+1 -> 49 | J51: =J50+1 -> 87 | K51: ='[2]Illustrations 2'!AF49 -> 0 | L51: =L50+K51 -> 677150 | M51: =Sheet2!R49 -> 3354157 | N51: =Sheet3!F50 -> 4343320 | O51: =M51/L51 -> 4.9533442 | Q51: =Q50+1 -> 49 | R51: =R50+1 -> 87 | S51: =Sheet3!B50 -> 0 | T51: =T50+S51 -> 671767 | U51: =Sheet3!E50 -> 3943791 | V51: =Sheet3!F50 -> 4343320 | W51: =U51/T51 -> 5.8707722
A52: 50 | B52: =B51+1 -> 88 | C52: =[1]Sheet2!AT50 -> 0 | D52: =D51+C52 -> 809645 | E52: =Sheet2!H50 -> 4830454 | F52: =[1]Sheet2!AX50 -> 1102682 | G52: =E52/D52 -> 5.9661382 | I52: =I51+1 -> 50 | J52: =J51+1 -> 88 | K52: ='[2]Illustrations 2'!AF50 -> 0 | L52: =L51+K52 -> 677150 | M52: =Sheet2!R50 -> 3489943 | N52: =Sheet3!F51 -> 4490233 | O52: =M52/L52 -> 5.1538699 | Q52: =Q51+1 -> 50 | R52: =R51+1 -> 88 | S52: =Sheet3!B51 -> 0 | T52: =T51+S52 -> 671767 | U52: =Sheet3!E51 -> 4107238 | V52: =Sheet3!F51 -> 4490233 | W52: =U52/T52 -> 6.1140812
A53: 51 | B53: =B52+1 -> 89 | C53: =[1]Sheet2!AT51 -> 0 | D53: =D52+C53 -> 809645 | E53: =Sheet2!H51 -> 5019383 | F53: =[1]Sheet2!AX51 -> 1149654 | G53: =E53/D53 -> 6.1994862 | I53: =I52+1 -> 51 | J53: =J52+1 -> 89 | K53: ='[2]Illustrations 2'!AF51 -> 0 | L53: =L52+K53 -> 677150 | M53: =Sheet2!R51 -> 3626439 | N53: =Sheet3!F52 -> 4642877 | O53: =M53/L53 -> 5.3554441 | Q53: =Q52+1 -> 51 | R53: =R52+1 -> 89 | S53: =Sheet3!B52 -> 0 | T53: =T52+S53 -> 671767 | U53: =Sheet3!E52 -> 4275288 | V53: =Sheet3!F52 -> 4642877 | W53: =U53/T53 -> 6.3642424
A54: 52 | B54: =B53+1 -> 90 | C54: =[1]Sheet2!AT52 -> 0 | D54: =C54 -> 0 | E54: =[1]Sheet2!AW52 -> 1104036 | F54: =[1]Sheet2!AX52 -> 1198515 | G54: =E54/D54 -> #DIV/0! | I54: =I53+1 -> 52 | J54: =J53+1 -> 90 | K54: ='[2]Illustrations 2'!AF52 -> 0 | L54: =L53+K54 -> 677150 | M54: =[1]Sheet2!Q52 -> 1140281 | N54: =[1]Sheet2!R52 -> 1187629 | O54: =M54/L54 -> 1.6839415 | Q54: =Q53+1 -> 52 | R54: =R53+1 -> 90 | S54: =Sheet3!B53 -> 0 | T54: =T53+S54 -> 671767 | U54: =[1]Sheet2!BG52 -> 1150741 | V54: =[1]Sheet2!BH52 -> 1198870 | W54: =U54/T54 -> 1.7130061
A55: 53 | B55: =B54+1 -> 91 | C55: =[1]Sheet2!AT53 -> 0 | D55: =C55 -> 0 | E55: =[1]Sheet2!AW53 -> 1158874 | F55: =[1]Sheet2!AX53 -> 1249325 | G55: =E55/D55 -> #DIV/0! | I55: =I54+1 -> 53 | J55: =J54+1 -> 91 | K55: ='[2]Illustrations 2'!AF53 -> 0 | L55: =L54+K55 -> 677150 | M55: =[1]Sheet2!Q53 -> 1196694 | N55: =[1]Sheet2!R53 -> 1237862 | O55: =M55/L55 -> 1.767251 | Q55: =Q54+1 -> 53 | R55: =R54+1 -> 91 | S55: =Sheet3!B54 -> 0 | T55: =T54+S55 -> 671767 | U55: =[1]Sheet2!BG53 -> 1207333 | V55: =[1]Sheet2!BH53 -> 1249216 | W55: =U55/T55 -> 1.7972496
A56: 54 | B56: =B55+1 -> 92 | C56: =[1]Sheet2!AT54 -> 0 | D56: =C56 -> 0 | E56: =[1]Sheet2!AW54 -> 1216094 | F56: =[1]Sheet2!AX54 -> 1302153 | G56: =E56/D56 -> #DIV/0! | I56: =I55+1 -> 54 | J56: =J55+1 -> 92 | K56: ='[2]Illustrations 2'!AF54 -> 0 | L56: =L55+K56 -> 677150 | M56: =[1]Sheet2!Q54 -> 1255553 | N56: =[1]Sheet2!R54 -> 1290097 | O56: =M56/L56 -> 1.8541726 | Q56: =Q55+1 -> 54 | R56: =R55+1 -> 92 | S56: =Sheet3!B55 -> 0 | T56: =T55+S56 -> 671767 | U56: =[1]Sheet2!BG54 -> 1266374 | V56: =[1]Sheet2!BH54 -> 1301567 | W56: =U56/T56 -> 1.8851387
A57: 55 | B57: =B56+1 -> 93 | C57: =[1]Sheet2!AT55 -> 0 | D57: =C57 -> 0 | E57: =[1]Sheet2!AW55 -> 1275946 | F57: =[1]Sheet2!AX55 -> 1357071 | G57: =E57/D57 -> #DIV/0! | I57: =I56+1 -> 55 | J57: =J56+1 -> 93 | K57: ='[2]Illustrations 2'!AF55 -> 0 | L57: =L56+K57 -> 677150 | M57: =[1]Sheet2!Q55 -> 1317116 | N57: =[1]Sheet2!R55 -> 1344404 | O57: =M57/L57 -> 1.9450875 | Q57: =Q56+1 -> 55 | R57: =R56+1 -> 93 | S57: =Sheet3!B56 -> 0 | T57: =T56+S57 -> 671767 | U57: =[1]Sheet2!BG55 -> 1328125 | V57: =[1]Sheet2!BH55 -> 1355991 | W57: =U57/T57 -> 1.977062
A58: 56 | B58: =B57+1 -> 94 | C58: =[1]Sheet2!AT56 -> 0 | D58: =C58 -> 0 | E58: =[1]Sheet2!AW56 -> 1338855 | F58: =[1]Sheet2!AX56 -> 1414054 | G58: =E58/D58 -> #DIV/0! | I58: =I57+1 -> 56 | J58: =J57+1 -> 94 | K58: ='[2]Illustrations 2'!AF56 -> 0 | L58: =L57+K58 -> 677150 | M58: =[1]Sheet2!Q56 -> 1381824 | N58: =[1]Sheet2!R56 -> 1400860 | O58: =M58/L58 -> 2.0406468 | Q58: =Q57+1 -> 56 | R58: =R57+1 -> 94 | S58: =Sheet3!B57 -> 0 | T58: =T57+S58 -> 671767 | U58: =[1]Sheet2!BG56 -> 1393028 | V58: =[1]Sheet2!BH56 -> 1412568 | W58: =U58/T58 -> 2.0736773
A59: 57 | B59: =B58+1 -> 95 | C59: =[1]Sheet2!AT57 -> 0 | D59: =D58+C59 -> 0 | E59: =[1]Sheet2!AW57 -> 1405300 | F59: =[1]Sheet2!AX57 -> 1473091 | G59: =E59/D59 -> #DIV/0! | I59: =I58+1 -> 57 | J59: =J58+1 -> 95 | K59: ='[2]Illustrations 2'!AF57 -> 0 | L59: =L58+K59 -> 677150 | M59: =[1]Sheet2!Q57 -> 1450168 | N59: =[1]Sheet2!R57 -> 1459437 | O59: =M59/L59 -> 2.1415757 | Q59: =Q58+1 -> 57 | R59: =R58+1 -> 95 | S59: =Sheet3!B58 -> 0 | T59: =T58+S59 -> 671767 | U59: =[1]Sheet2!BG57 -> 1461581 | V59: =[1]Sheet2!BH57 -> 1471270 | W59: =U59/T59 -> 2.1757261
A60: 58 | B60: =B59+1 -> 96 | C60: =[1]Sheet2!AT58 -> 0 | D60: =D59+C60 -> 0 | E60: =[1]Sheet2!AW58 -> 1475687 | F60: =[1]Sheet2!AX58 -> 1534058 | G60: =E60/D60 -> #DIV/0! | I60: =I59+1 -> 58 | J60: =J59+1 -> 96 | K60: ='[2]Illustrations 2'!AF58 -> 0 | L60: =L59+K60 -> 677150 | M60: =[1]Sheet2!Q58 -> 1522569 | N60: =[1]Sheet2!R58 -> 1520124 | O60: =M60/L60 -> 2.2484959 | Q60: =Q59+1 -> 58 | R60: =R59+1 -> 96 | S60: =Sheet3!B59 -> 0 | T60: =T59+S60 -> 671767 | U60: =[1]Sheet2!BG58 -> 1534203 | V60: =[1]Sheet2!BH58 -> 1532087 | W60: =U60/T60 -> 2.283832
A61: 59 | B61: =B60+1 -> 97 | C61: =[1]Sheet2!AT59 -> 0 | D61: =D60+C61 -> 0 | E61: =[1]Sheet2!AW59 -> 1551109 | F61: =[1]Sheet2!AX59 -> 1596826 | G61: =E61/D61 -> #DIV/0! | I61: =I60+1 -> 59 | J61: =J60+1 -> 97 | K61: ='[2]Illustrations 2'!AF59 -> 0 | L61: =L60+K61 -> 677150 | M61: =[1]Sheet2!Q59 -> 1600153 | N61: =[1]Sheet2!R59 -> 1582795 | O61: =M61/L61 -> 2.3630702 | Q61: =Q60+1 -> 59 | R61: =R60+1 -> 97 | S61: =Sheet3!B60 -> 0 | T61: =T60+S61 -> 671767 | U61: =[1]Sheet2!BG59 -> 1612030 | V61: =[1]Sheet2!BH59 -> 1594889 | W61: =U61/T61 -> 2.3996862
A62: Summary purposes only - reference full company illustrations, that must be provided.

Sheet Sheet2
C1: 39 | D1: 110000 | E1: 110000 | F1: 0 | G1: 81247 | H1: 81247 | I1: 3000000 | M1: 39 | N1: 125000 | O1: 125000 | P1: 0 | Q1: 105843 | R1: 105843 | S1: 3403268
B2: 2 | C2: 40 | D2: 110000 | E2: 110000 | F2: 1765 | G2: 170599 | H2: 170599 | I2: 3000000 | L2: 2 | M2: 40 | N2: 22086 | O2: 22086 | P2: 2291 | Q2: 121273 | R2: 121273 | S2: 3412187
B3: 3 | C3: 41 | D3: 30000 | E3: 30000 | F3: 7258 | G3: 189014 | H3: 200474 | I3: 3000000 | L3: 3 | M3: 41 | N3: 22086 | O3: 22086 | P3: 4364 | Q3: 137355 | R3: 143085 | S3: 3421277
B4: 4 | C4: 42 | D4: 24691 | E4: 24691 | F4: 7883 | G4: 203652 | H4: 231147 | I4: 3000000 | L4: 4 | M4: 42 | N4: 22086 | O4: 22086 | P4: 4804 | Q4: 154294 | R4: 168041 | S4: 3430470
B5: 5 | C5: 43 | D5: 24691 | E5: 24691 | F5: 8539 | G5: 219359 | H5: 263339 | I5: 3000000 | L5: 5 | M5: 43 | N5: 22086 | O5: 22086 | P5: 5352 | Q5: 172174 | R5: 194164 | S5: 3439864
B6: 6 | C6: 44 | D6: 24691 | E6: 24691 | F6: 9200 | G6: 236071 | H6: 297106 | I6: 3000000 | L6: 6 | M6: 44 | N6: 22086 | O6: 22086 | P6: 5903 | Q6: 190838 | R6: 221355 | S6: 3449454
B7: 7 | C7: 45 | D7: 24691 | E7: 24691 | F7: 9758 | G7: 254200 | H7: 332860 | I7: 3000000 | L7: 7 | M7: 45 | N7: 22086 | O7: 22086 | P7: 6370 | Q7: 210495 | R7: 249825 | S7: 3459156
B8: 8 | C8: 46 | D8: 24691 | E8: 24691 | F8: 10704 | G8: 273948 | H8: 370863 | I8: 3000000 | L8: 8 | M8: 46 | N8: 22086 | O8: 22086 | P8: 7042 | Q8: 231283 | R8: 279740 | S8: 3468936
B9: 9 | C9: 47 | D9: 24691 | E9: 24691 | F9: 11776 | G9: 295305 | H9: 411075 | I9: 3000000 | L9: 9 | M9: 47 | N9: 22086 | O9: 22086 | P9: 7793 | Q9: 253157 | R9: 311042 | S9: 3478865
B10: 10 | C10: 48 | D10: 24691 | E10: 24691 | F10: 12803 | G10: 318400 | H10: 453730 | I10: 3000000 | L10: 10 | M10: 48 | N10: 22086 | O10: 22086 | P10: 8525 | Q10: 276216 | R10: 343881 | S10: 3488906
B11: 11 | C11: 49 | D11: 24691 | E11: 24691 | F11: 13845 | G11: 344004 | H11: 499554 | I11: 3000000 | L11: 11 | M11: 49 | N11: 22086 | O11: 22086 | P11: 9250 | Q11: 301076 | R11: 378851 | S11: 3499022
B12: 12 | C12: 50 | D12: 24691 | E12: 24691 | F12: 15561 | G12: 372247 | H12: 548752 | I12: 3000000 | L12: 12 | M12: 50 | N12: 22086 | O12: 22086 | P12: 10374 | Q12: 327884 | R12: 416137 | S12: 3509324
B13: 13 | C13: 51 | D13: 24691 | E13: 24691 | F13: 17272 | G13: 403207 | H13: 601357 | I13: 3000000 | L13: 13 | M13: 51 | N13: 22086 | O13: 22086 | P13: 11482 | Q13: 356359 | R13: 455434 | S13: 3519748
... B62: 62 | C62: 100 | D62: 0 | E62: 0 | F62: 147937 | G62: 4385898 | H62: 7609522 | I62: 7609522 | L62: 62 | M62: 100 | N62: 0 | O62: 0 | P62: 106879 | Q62: 3168635 | R62: 5497743 | S62: 5497743
B63: 63 | C63: 101 | D63: 0 | E63: 0 | F63: 445124 | G63: 4831023 | H63: 8054647 | I63: 8054647

Sheet Sheet3
A1: Age | B1: Premium | C1: Dividend | D1: IncreaseInCashValue | E1: CashValue | F1: DeathBenefit
A2: 39 | B2: 250000 | C2: 11062 | D2: 233009 | E2: 233009 | F2: 3828852
A3: 40 | B3: 18303 | C3: 12169 | D3: 21995 | E3: 255004 | F3: 3855691
A4: 41 | B4: 18303 | C4: 13316 | D4: 23533 | E4: 278537 | F4: 3884615
A5: 42 | B5: 18303 | C5: 14580 | D5: 25197 | E5: 303734 | F5: 3915708
A6: 43 | B6: 18303 | C6: 16199 | D6: 27246 | E6: 330981 | F6: 3949383
A7: 44 | B7: 18303 | C7: 17959 | D7: 29474 | E7: 360454 | F7: 3986101
A8: 45 | B8: 18303 | C8: 19754 | D8: 31796 | E8: 392250 | F8: 4025941
A9: 46 | B9: 18303 | C9: 20790 | D9: 33421 | E9: 425671 | F9: 4068061
A10: 47 | B10: 18303 | C10: 21888 | D10: 35108 | E10: 460779 | F10: 4111621
A11: 48 | B11: 18303 | C11: 23023 | D11: 36892 | E11: 497670 | F11: 4156659
A12: 49 | B12: 15120 | C12: 24245 | D12: 39025 | E12: 536696 | F12: 1228234
A13: 50 | B13: 15120 | C13: 25531 | D13: 41011 | E13: 577707 | F13: 1276424
... A84: 121 | B84: 0 | C84: 439876 | D84: 574681 | E84: 14139642 | F84: 14139642
